Dataset,F1_measure,Accuracy
HDFS,0.999982,0.997500
Hadoop,0.998957,0.944500
Spark,0.991895,0.922500
Zookeeper,0.999531,0.965000
BGL,0.999495,0.947000
HPC,0.878729,0.637500
Thunderbird,0.999314,0.947500
Windows,0.999971,0.990500
Linux,0.936988,0.627500
Android,0.876802,0.559000
HealthApp,0.912483,0.629000
Apache,1.000000,1.000000
Proxifier,0.868904,0.503500
OpenSSH,0.928335,0.745500
OpenStack,0.989466,0.740000
