,Proxifier,HDFS,Hadoop,Spark,Zookeeper,BGL,HPC,Thunderbird,Windows,Linux,Android,HealthApp,Apache,OpenSSH,OpenStack,Mac
F1_measure,1.0,0.9999843025834023,0.9987486581936608,0.999980305888933,0.9997998845310743,0.9999318250435834,0.9977070838228324,0.9999334804705611,0.9999953401460399,0.9999920664671383,0.9968366070771721,1.0,1.0,1.0,1.0,0.9958207284872437
Accuracy,1.0,0.9975,0.949,0.9975,0.9875,0.986,0.945,0.971,0.997,0.996,0.9605,1.0,1.0,1.0,1.0,0.942
